rank,uri,artist_names,track_name,source,peak_rank,previous_rank,days_on_chart,streams
1,"spotify:track:0Bv7O6fmZk3GrNQFYJaXPn","La Pantera, Quevedo, Juseph, Abhir Hathi, Bejo, Cruz Cafuné, EL IMA","Cayó La Noche (feat. Cruz Cafuné, Abhir Hathi, Bejo, EL IMA) [Remix]","La Pantera",1,1,47,"477434"
2,"spotify:track:1ri9ZUkBJVFUdgwzCnfcYs","Becky G, KAROL G","MAMIII","Kemosabe Records/RCA Records",2,2,19,"381195"
3,"spotify:track:6mmPpaltUZK7xjNlBPQQ0p","Rauw Alejandro, Chencho Corleone","Desesperados","Sony Music Latin/Duars Entertainment",1,3,82,"355363"
4,"spotify:track:5h5TUj8pU2WhdSeJx9BnX2","Morad","Pelele","M.D.L.R",1,4,68,"289799"
5,"spotify:track:1AhNxunSSizAllibrQ7jhu","Quevedo, Linton","Ahora y Siempre","Quevedo",4,6,36,"287233"
6,"spotify:track:2Gq636OOGgxCTqEuzCZhsa","Bizarrap, Tiago PZK","Tiago PZK: Bzrp Music Sessions, Vol. 48","WEA Latina/DALE PLAY Records",1,5,63,"282260"
7,"spotify:track:6ylDpki1VpIsc525KC1ojF","Sebastian Yatra","Tacones Rojos","UMLE - Latino",2,7,131,"263759"
8,"spotify:track:0TkIQ2I48rz4kpk1XpfyHq","Rvfv, Rels B","Mi Luz (ft. Rels B)","NASTU MUSIC",8,9,33,"236821"
9,"spotify:track:5TMLavqGRKNxgzMBrVpC9R","zzoilo, Aitana","Mon Amour - Remix","Universal Music Spain S.L.",1,8,197,"229537"
10,"spotify:track:6CHYyL3462Y2Bb2uWIIBkE","Chema Rivas","Algodón de azúcar","Sony Music Entertainment",8,10,49,"225853"
11,"spotify:track:5kqNIqFjijuzvVLhuY9B8j","Bad Bunny","La Zona","Rimas Entertainment LLC",11,11,53,"219119"
12,"spotify:track:39yyHtQ4tkjZzd8TfIBKQw","Bizarrap, Morad","Morad: Bzrp Music Sessions, Vol. 47","DALE PLAY Records",1,12,84,"200836"
13,"spotify:track:3JCaq3KDSROg3TXhdiDa9n","Jhay Cortez, Anuel AA","Ley Seca","N&E Entertainment LLC",2,13,180,"188883"
14,"spotify:track:0G2zPzWqVjR68iNPmx2TBe","Mora, Bad Bunny, Sech","Volando - Remix","Rimas Entertainment LLC",3,15,237,"177312"
15,"spotify:track:7JZ5mOTea5T4LH0UdwCsWx","Duki","TOP 5","DALE PLAY Records / SSJ Records",11,14,92,"177086"
16,"spotify:track:6P096SaOzrgGxs8NWOfX7M","Tiago PZK, Trueno","Salimo de Noche","WM Chile",3,16,131,"174004"
17,"spotify:track:073yIM7v2j6XadD4Nkn0Fh","Jhay Cortez","Dile (Homenaje)","N&E Entertainment LLC",4,17,180,"173111"
18,"spotify:track:1O2pcBJGej0pmH2Y9XZMs6","Cris Mj","Una Noche en Medellín","Nabru Records LLC",18,32,9,"168566"
19,"spotify:track:3nfICwo20uiFdEGzgNUSrG","Aitana, Nicki Nicole","Formentera","Universal Music Spain S.L.",1,24,89,"162943"
20,"spotify:track:78kygHp1dvW1kncYjBgbe1","Ryan Castro","Mujeriego","Sony Music Entertainment",19,21,42,"161435"
21,"spotify:track:2BEcap3xJtmiPaHKyfQi4e","Rvssian, Rauw Alejandro, Chris Brown","Nostálgico","Sony Music Latin",2,19,175,"161368"
22,"spotify:track:2JPLbjOn0wPCngEot2STUS","Bad Bunny","Yonaguni","Rimas Entertainment LLC",2,22,271,"157155"
23,"spotify:track:3GaGWoU1KfVqgl7vnRHP55","C. Tangana","Demasiadas Mujeres","Sony Music Entertainment",1,20,509,"156844"
24,"spotify:track:1FlL8ycld6uVDDyhV7P5FA","Rauw Alejandro","Cúrame","Sony Music Latin/Duars Entertainment",2,23,250,"156165"
25,"spotify:track:4rU3aBUWgxb8htYFwflpFc","Quevedo, BlueFire","Respuesta Cero","Quevedo",14,29,25,"153951"
26,"spotify:track:1lMuQJHBznRfq7GdQrIQN4","Ana Mena","Música Ligera","Sony Music Entertainment",15,30,85,"152088"
27,"spotify:track:03a359wbiUsjN9h6yzXvmS","Duki, KHEA","She Don't Give a Fo","DALE PLAY Records",13,25,680,"151162"
28,"spotify:track:0khVEzctbwmqLvOpg1ecbg","Rigoberta Bandini","Ay Mamá","Rigoberta Bandini",2,18,69,"150344"
29,"spotify:track:3rdAz1fbUfZxYgaCviYhRo","Rauw Alejandro","Todo De Ti","Sony Music Latin/Duars Entertainment",1,27,286,"146416"
30,"spotify:track:6lX6l7OuA3qrnIRfdsr0dw","Blessd, Justin Quiles, Lenny Tavárez","Medallo","WEA Latina",25,34,124,"145176"
31,"spotify:track:2QyTXB4a7l7NBBceBhXt5e","Morad","No y No","M.D.L.R",26,33,5,"141441"
32,"spotify:track:6c32C8T3KlXrbvWSoD5aON","Myke Towers","Experimento","WEA Latina",2,36,159,"140933"
33,"spotify:track:07hvsxeAYfZFgiLiBos6Pz","Beny Jr, El Guincho","Combo la L","RICO",14,31,239,"137911"
34,"spotify:track:3KJ3opyV29269SXkPrc19l","Bad Bunny","120","Rimas Entertainment LLC",12,35,227,"136625"
35,"spotify:track:5pVEORKrVAtcWOEMJlZCFB","Cano, Los del Control","Tu Y Yo (feat. Los del Control)","WM Spain",17,28,119,"135382"
36,"spotify:track:5WxYU8RRzy5X0kC6Fx9SpI","C. Tangana, Nathy Peluso","Ateo","Sony Music Entertainment",1,39,145,"134819"
37,"spotify:track:0v2LBtK5Zk80VxIbVrD9ik","C. Tangana, Omar Montes, Daviles de Novelda, Canelita","La Culpa (feat. Canelita)","Sony Music Entertainment",6,37,12,"132996"
38,"spotify:track:6dmXZ9B5HdFAyzHeTneYBK","ROSALÍA, The Weeknd","LA FAMA","Columbia",1,40,111,"131270"
39,"spotify:track:70JnnNNAxPjvZGPwjJfX47","La La Love You, Axolotes Mexicanos","El Fin del Mundo","Subterfuge Records",39,41,588,"130738"
40,"spotify:track:2qEoAz0i6yEz5dPggABcLH","Fuego, Manuel Turizo, Duki","Una Vaina Loca","Chosen Few/ WK Records",4,38,131,"127160"
41,"spotify:track:3jHYDEB0YUNJCSEMF2um60","ROSALÍA","CHICKEN TERIYAKI","Columbia",13,26,6,"124856"
42,"spotify:track:02MmirShWWTuV6nfzQXNSa","KG970, Kilvertz","Cínico","KG970",15,42,39,"123695"
43,"spotify:track:3Fm7EFSuLlW8KqWTPIYLZH","Rauw Alejandro","CAPRICHOSO","Sony Music Latin/Duars Entertainment",12,44,23,"123399"
44,"spotify:track:5lFSvyRAeG0asgqBuM5MQW","El Bobe, alPeDue","Ella","Cycling Records",14,47,313,"122709"
45,"spotify:track:2vmfvSoZBFAt9hhRoEByLi","Aventura, Bad Bunny","Volví","Rimas Entertainment LLC",2,46,211,"120871"
46,"spotify:track:2B4GHvToeLTOBB4QLzW3Ni","Farruko","Pepas","Sony Music Latin",1,43,247,"119893"
47,"spotify:track:3monFIRNCDt9we37DDvCCK","Trueno, Randy, Bizarrap","JUNGLE","©️ Ⓟ 2022 Sur Capital Records ™️ ( por Tierra Agencia SRL )",21,45,12,"117005"
48,"spotify:track:3HQxzXOb4p9pfpD5gP38D5","Eladio Carrion, KAROL G","No Te Deseo el Mal","Rimas Entertainment LLC",12,48,89,"115065"
49,"spotify:track:4TGwERXRlyQtBdggYTHo6j","Tiago PZK, LIT killah, Maria Becerra, Nicki Nicole","Entre Nosotros (Remix) [con Nicki Nicole]","WEA Latina",7,49,55,"112735"
50,"spotify:track:6b2HYgqcK9mvktt4GxAu72","Justin Quiles, Chimbala, Zion & Lennox","Loco","WEA Latina",3,50,292,"109016"
51,"spotify:track:4gzsuuZypVbxs0Af1LSZyB","Tainy, Bad Bunny, Julieta Venegas","Lo Siento BB:/ (with Bad Bunny & Julieta Venegas)","Neon16",3,51,148,"97586"
52,"spotify:track:4OwhwvKESFtuu06dTgct7i","Marc Seguí, Rauw Alejandro, Pol Granch","Tiroteo - Remix","WEA Latina",6,52,334,"93941"
53,"spotify:track:4FjkjrvfbB3C4eUqWlw3vB","Rvfv, Pablo Mas","Mami","NASTU MUSIC",53,58,20,"92317"
54,"spotify:track:1HhNoOuqm1a5MXYEgAFl8o","Imagine Dragons, JID, Arcane, League of Legends","Enemy (with JID) - from the series Arcane League of Legends","Kid Ina Korner / Interscope",35,54,119,"91994"
55,"spotify:track:5hYRabCQuFZN8yVCQsSeyF","Nicky Jam","Ojos Rojos","Sony Music Latin",51,55,33,"91931"
56,"spotify:track:7rglLriMNBPAyuJOMGwi39","Elton John, Dua Lipa, PNAU","Cold Heart - PNAU Remix","EMI",33,57,177,"91218"
57,"spotify:track:4MzXwWMhyBbmu6hOcLVD49","Bad Bunny, Jhay Cortez","DÁKITI","Rimas Entertainment LLC",1,53,488,"91137"
58,"spotify:track:5ddFjrPG8NgQQ6xlOQIVd2","C. Tangana, Niño de Elche, La Húngara","Tú Me Dejaste De Querer","Sony Music Entertainment",1,56,482,"89149"
59,"spotify:track:0bxzF2Kyql0pQ58Mymztue","Morad","Cuando Ella Sale","M.D.L.R",17,59,131,"88432"
60,"spotify:track:655JkvIwu2rDCaD1hPf04g","Sebastian Yatra, Myke Towers","Pareja Del Año","UMLE - Latino",1,63,320,"87085"
61,"spotify:track:2YZDh5CecWx0qlFiTvqVQ9","Justin Quiles","Colorín Colorado","WEA Latina",10,62,194,"86530"
62,"spotify:track:2J3oaXTqKjGGHCOQLeBnBA","ROSALÍA","SAOKO","Columbia",2,61,26,"86151"
63,"spotify:track:1z5TNHJ4WP2ftKhRpqdoNY","Bad Gyal","Nueva York (Tot*)","Bad Gyal Aftercluv/Interscope",7,60,96,"86002"
64,"spotify:track:6ynErSDSlxqsxg0D3LJ8sK","Daviles de Novelda","Flamenco y Bachata","Sony Music Entertainment",2,64,373,"85249"
65,"spotify:track:3SK45LddxlEkzI8OWO9Eyo","C. Tangana, Gipsy Kings, Nicolás Reyes, Tonino Baliardo","Ingobernable","Sony Music Entertainment",2,66,369,"84204"
66,"spotify:track:02MWAaffLxlfxAUY7c5dvx","Glass Animals","Heat Waves","Polydor Records",37,65,178,"84198"
67,"spotify:track:23E53f3C9SJ9MqBh1f6hEw","Álvaro De Luna","Juramento eterno de sal","WM Spain",15,68,481,"83455"
68,"spotify:track:1kG7gfH4HDUlDht0VZYkiP","Nil Moliner","Libertad","WM Spain",29,72,301,"82898"
69,"spotify:track:4Z8HZSApeddaRM2ovivUj4","Rauw Alejandro","La Old Skul","Sony Music Latin/Duars Entertainment",28,67,250,"82395"
70,"spotify:track:5PjdY0CKGZdEuoNab3yDmX","The Kid LAROI, Justin Bieber","STAY (with Justin Bieber)","Columbia",17,69,236,"80896"
71,"spotify:track:0cOa970mzTWAxKtltpkpLc","TINI, Maria Becerra","Miénteme","Sony Music Latin",3,70,306,"80534"
72,"spotify:track:4f5TKGvkD4TkTjr61GKNAG","Central Cee, Rondodasosa, Freeze corleone, Baby Gang, A2 Anti, Morad, Beny Jr, ASHE 22","Eurovision (feat. Rondodasosa, Baby Gang, A2 Anti, Morad, Beny Jr, Ashe 22 & Freeze corleone)","Central Cee",72,170,2,"79946"
73,"spotify:track:2KcNrONbZ0hvBPjvrDO2tx","Myke Towers","ALMAS GEMELAS","WEA Latina",10,71,222,"79457"
74,"spotify:track:1CMPYloogotoC6z9n9wdQT","Fabbio, Omar Montes, Lennis Rodriguez, Chus Santana","Diablita Remix","Zamara Music S.L.",11,73,236,"78565"
75,"spotify:track:1uw6eHdMtRlX6MtiZVJYB9","Galvan Real, Raul Camacho","La Magia","Galvan Real",75,128,129,"77020"
76,"spotify:track:5Fj753yCLyWL699hiiCgoJ","Nathy Peluso","EMERGENCIA - Presented by PlayStation, Horizon Forbidden West","Sony Music Entertainment",55,78,12,"76268"
77,"spotify:track:5nZ7DPFgkSueMjpaVZf3wz","Jc La Nevula, Atomic Otro Way","Búscate Otro","WK Records",5,75,191,"76000"
78,"spotify:track:6D2TCm4nf5nxAcdGJ7w3QP","J Balvin, Maria Becerra","Qué Más Pues?","Sueños Globales, LLC",2,76,278,"75406"
79,"spotify:track:7EzMotErPHP0TJ2Gv987q7","Manuel Carrasco","FUE","Universal Music Spain S.L.",47,86,19,"74954"
80,"spotify:track:1kjs5eR4DMzyB0gm1Z8waV","Trueno","DANCE CRIP","©️ Ⓟ 2022 Sur Capital Records ™️ ( por Tierra Agencia SRL )",2,74,104,"74877"
81,"spotify:track:7iHHlCbsFou5DZSW5HCPfs","Boza, Lunay, Lenny Tavárez, Juhn, Beéle","Ella - Remix","Sony Music Latin",51,79,121,"74791"
82,"spotify:track:4knc1Fp3kbuq8bH2byOvLu","Camilo, Evaluna Montaner","Índigo","Sony Music Latin",8,85,139,"72966"
83,"spotify:track:4fouWK6XVHhzl78KzQ1UjL","GAYLE","abcdefu","Atlantic/Arthouse Records",31,81,104,"72157"
84,"spotify:track:2rDZhKnPaPG054ExZ6nXUS","Ryan Castro","Jordan","King Records",84,84,11,"72127"
85,"spotify:track:20RGQHWvqyyacpuxMBeLsZ","El Taiger, DJ Conds","La Historia","El Taiger",4,80,335,"71776"
86,"spotify:track:6C1RD7YQVvt3YQj0CmuTeu","Bad Bunny, Ozuna, Farruko, Arcangel, Ñengo Flow, DJ Luian, Mambo Kingz","Diles","Rimas Entertainment LLC",72,77,427,"71244"
87,"spotify:track:6ExTczq02XIWJjGKoi13RJ","Cyril Kamer, Rvfv, Cano","Bandido (Remix)","22 Los Rebeldes",57,83,67,"70853"
88,"spotify:track:1mSviQV9iQnGSRyvTIuxAj","Alvaro Diaz, Rauw Alejandro","Problemón","UMG Recordings, Inc./Universal Music Latino",60,87,77,"70162"
89,"spotify:track:1Sym1HsTqsa2pYKhYL1j15","Eladio Carrion, Rels B","Me Gustas Natural","Rimas Entertainment LLC",50,88,89,"68631"
90,"spotify:track:78QcVmzxS0wIwuC2rpAauI","Rauw Alejandro, Mr. Naisgai","2/Catorce","Sony Music Latin/Duars Entertainment",10,82,381,"68491"
91,"spotify:track:6HOtqhx0LMZWEgJYRzdSuz","Quevedo","Universitaria","Quevedo",82,89,26,"68109"
92,"spotify:track:3z4XtoZVf8AOoR18Lnp7e1","Pablo Alborán, Aitana, Álvaro De Luna","Llueve sobre mojado","WM Spain",41,94,138,"66891"
93,"spotify:track:4r9jkMEnArtWGH2rL2FZl0","Bad Bunny","A Tu Merced","Rimas Entertainment LLC",29,91,284,"65977"
94,"spotify:track:5N5GaRpXYZl5ZKKU5a5LtH","Aitana","Berlín","Universal Music Spain S.L.",15,90,166,"64165"
95,"spotify:track:1g4cZvi0nLeeIycd0Rkljj","Lola Indigo, TINI, Belinda","La Niña de la Escuela","Universal Music Spain S.L.",14,92,243,"63468"
96,"spotify:track:46IZ0fSY2mpAiktS3KOqds","Adele","Easy On Me","Columbia",15,96,138,"63293"
97,"spotify:track:2XBzPGUfiHG9xBGBuuKHwk","Alvaro Soler, David Bisbal","A Contracorriente","Airforce1",69,105,46,"62836"
98,"spotify:track:50nfwKoDiSYg8zOCREWAm5","Ed Sheeran","Shivers","Atlantic Records UK",60,99,173,"62266"
99,"spotify:track:0bI7K9Becu2dtXK1Q3cZNB","Tiësto, KAROL G","Don't Be Shy","Atlantic Records",63,103,201,"62188"
100,"spotify:track:5Z9KJZvQzH6PFmb8SNkxuk","Lil Nas X, Jack Harlow","INDUSTRY BABY (feat. Jack Harlow)","Columbia",19,93,222,"62049"
101,"spotify:track:3wlX0yg6NRMDPwOvdPmuLn","Soge Culebra, Mora, GARABATTO","7 Lágrimas - Remix","WM Spain",84,102,12,"61484"
102,"spotify:track:0e8nrvls4Qqv5Rfa2UhqmO","Lil Nas X","THATS WHAT I WANT","Columbia",50,98,161,"61145"
103,"spotify:track:1eHr7GbGrNMIb01YUwLdku","Estopa, Fito y Fitipaldis","Camiseta de Rokanrol","Sony Music Entertainment",64,97,5,"61048"
104,"spotify:track:63GTuNSVLynH3n3PdqObgd","TINI, Beéle","Fantasi","Sony Music Latin",104,112,10,"61026"
105,"spotify:track:3rmo8F54jFF8OgYsqTxm5d","Ed Sheeran","Bad Habits","Atlantic Records UK",38,107,250,"61022"
106,"spotify:track:5BopknbHSxEm9Ohcs4IbGu","Delaossa, KIDDO, J.Moods","Veneno","DALE PLAY Records",21,109,460,"61020"
107,"spotify:track:53w7xjn8fwwU8Pc6rgMm5v","MARLENA","Me Sabe Mal","Sin Anestesia",93,108,140,"60172"
108,"spotify:track:71J4vM6OnOl9Bs99CaS2dq","Dani Fernández","Dile a los demás","WM Spain",108,124,31,"60071"
109,"spotify:track:49iOVtExuJU9faigS2JRUf","Omar Montes, JC el Diamante","Beba Qué Quieres Que Haga","Sony Music Latin",6,95,208,"59850"
110,"spotify:track:43Tf6aMFSw2vP7IHBWsA1R","Quevedo, La Pantera","Piel de Cordero","Quevedo",110,113,23,"59790"
111,"spotify:track:6HiEyMBO66WXXE2UDzLOby","Ayax y Prok, Blasfem","La Góndola","Ayax",111,-1,2,"59725"
112,"spotify:track:2pjoPgjETrC1LQm64aVTGp","Soto Asa","Si Tu Kiere","La Vendicion Records 2021",87,104,62,"59494"
113,"spotify:track:05bfbizlM5AX6Mf1RRyMho","Nio Garcia, J Balvin, Bad Bunny","AM Remix","Flow La Movie",4,100,250,"59413"
114,"spotify:track:7JFa80j5Cw6DMf8RISgd0t","Dani Fernández","Clima Tropical","WM Spain",53,114,260,"59325"
115,"spotify:track:4HYDUMY0xSpeBr0AMY9cUz","Jay Wheeler, DJ Nelson, Myke Towers","La Curiosidad","Linked Music / Dynamic Records / EMPIRE",2,101,628,"59277"
116,"spotify:track:2MxHuZWC99rsELX9SrCW7K","Wisin, Camilo, Los Legendarios","Buenos Días","Sony Music Latin",37,111,47,"58846"
117,"spotify:track:7Men0McTVqAHxfVrRCzb41","Marlon","De Perreo","WM Spain",80,139,101,"58454"
118,"spotify:track:5bQLsyTrUaMQRfr6whwGe5","Rauw Alejandro","Aquel Nap ZzZz","Sony Music Latin/Duars Entertainment",39,115,250,"58104"
119,"spotify:track:5W1qmxHrMlQGGAiFA3ZQqP","Dímelo Flow, Dalex, Sech, Justin Quiles, Arcangel, De La Ghetto, Lenny Tavárez","Se Le Ve","Rich Music",71,106,161,"57167"
120,"spotify:track:1058fW9H3fZA6QjYCdOBad","Camila Cabello","Don't Go Yet","Epic",40,120,222,"56534"
121,"spotify:track:609cIr1XRRW2CugWafHTWi","Ayax y Prok, Dollar Selmouni, Dj Keru","Guajiro","Ayax",89,154,50,"56405"
122,"spotify:track:7ql2RUmAmj36tkMUNWo7MT","Ana Mena, Rocco Hunt","A Un Paso De La Luna","RCA Records Label",6,117,563,"56381"
123,"spotify:track:6J8lLpZoRCmB5pTrnB5jpV","Standly, El Barto","Mi Gata","Standly",96,116,17,"55849"
124,"spotify:track:35wvL50xvKpCHEJPxLOLPI","Bad Bunny","Si Estuviésemos Juntos","Rimas Entertainment LLC",62,122,332,"55831"
125,"spotify:track:0aG7IBgO2nlyjCV71PKVKt","Funzo & Baby Loud","INMORTALES","Sony Music Entertainment",11,118,158,"55736"
126,"spotify:track:4J2HLNTxiVxxs6kWgTIN43","Beret, Morat","Porfa no te vayas","WM Spain",33,126,320,"55326"
127,"spotify:track:5nvmDewpwTBUdYgNANz8NP","Rauw Alejandro","GRACIAS POR NADA","Sony Music Latin/Duars Entertainment",52,123,5,"55307"
128,"spotify:track:41yHlQmNvtjRpoexYcSyJp","Ozuna","Deprimida","Aura Music Corp.",64,121,12,"55267"
129,"spotify:track:3lI1sZnyM1Ju3ApgNo0ITT","Morad","Soñar","M.D.L.R",46,119,171,"55169"
130,"spotify:track:4kELKaXaNP4EQR8Q8xNIID","Trueno","FEEL ME??","©️ Ⓟ 2021 Sur Capital Records ™️ ( por Tierra Agencia SRL )",18,110,173,"55068"
131,"spotify:track:4Ws1SBzrc8MgbtxVyXFfyP","Hens, Delgao","Dos Días al Mes","Sony Music Entertainment",74,125,164,"55025"
132,"spotify:track:3uUuGVFu1V7jTQL60S1r8z","Lost Frequencies, Calum Scott","Where Are You Now","Epic Amsterdam",119,134,49,"54666"
133,"spotify:track:2XIc1pqjXV3Cr2BQUGNBck","Bad Bunny, ROSALÍA","LA NOCHE DE ANOCHE","Rimas Entertainment LLC",2,127,460,"54263"
134,"spotify:track:20on25jryn53hWghthWWW3","ACRAZE, Cherish","Do It To It","Thrive Music, LLC",32,135,112,"54186"
135,"spotify:track:0fea68AdmYNygeTGI4RC18","J Balvin, Bad Bunny","LA CANCIÓN","Universal Music Latino / Rimas",5,130,700,"53166"
136,"spotify:track:2fpKvUg9hxiKAOLuwfEdlJ","Foreign Teck, Justin Quiles, Jay Wheeler, Bryant Myers, Eladio Carrion, Tory Lanez","Conexión","WK Records",60,132,264,"52616"
137,"spotify:track:1ro4AY6oyquzrTR8ZylO72","Cano, PMP","No Puedo Responder","WM Spain",137,137,10,"51958"
138,"spotify:track:5FVNpPC0H4fVc4FJin5vBg","Tanxugueiras","Terra","Calaverita Records / Tanxugueiras",6,131,49,"51810"
139,"spotify:track:4HzqWEdAbzcVFDv0pvxV4w","Maluma","Sobrio","Sony Music Latin",39,142,236,"51502"
140,"spotify:track:4nTduFjaTmGysc9WKNuCcs","Camilo","Vida de Rico","Sony Music Latin",8,140,526,"51476"
141,"spotify:track:4ZtFanR9U6ndgddUvNcjcG","Olivia Rodrigo","good 4 u","Olivia Rodrigo PS",15,138,292,"51461"
142,"spotify:track:5jzEwSyyymBlf1fa1o39T2","Mora, Jhay Cortez","512","Rimas Entertainment LLC",5,129,389,"50994"
143,"spotify:track:0ZLkb9lDDlTPwYZPvuGnHB","Duki, Emilia","Esto Recién Empieza","DALE PLAY Records / SSJ Records",68,133,15,"50875"
144,"spotify:track:27RSJHEA99Y0Vsow7nA37A","Sech, Jhay Cortez","911 - Remix","Rich Music",7,136,236,"49962"
145,"spotify:track:5tpAcJ47UgF4udM5YXcDd2","Sebastian Yatra, Jorge Celedón, Rosario","Dharma","UMLE - Latino",78,143,31,"49939"
146,"spotify:track:1dfSgvpKNflak0CS0gCzW5","Marc Seguí","360","WM Spain",146,173,14,"49669"
147,"spotify:track:0NSLB3GCpO9SU69XH8jjiF","Ana Mena, Rocco Hunt","Un beso de improviso","Epic",64,141,255,"49526"
148,"spotify:track:5pC4207YbyGjDXylMeoNTM","Aiman JR, Omar Montes","Vida Loca","Aiman JR",105,145,33,"48847"
149,"spotify:track:6yCjU5j6YHbux2VQCBTTE1","Melendi","Tu jardín con enanitos","WM Spain",109,146,337,"48732"
150,"spotify:track:4axxCbc4tWlpqHP5UbJMc3","Bizarrap, Ptazeta","Ptazeta: Bzrp Music Sessions, Vol. 45","DALE PLAY Records",7,153,146,"48366"
151,"spotify:track:1Ixi7vcTIvgyeFlbqy1QQ7","Eladio Carrion, Morad","Habla Claro","SONAR",16,150,110,"48203"
152,"spotify:track:3xv8JksRyqHa1lwkM9xvJf","Anuel AA, Myke Towers, Jhay Cortez","Súbelo","Real Hasta La Muerte, LLC",13,149,103,"48130"
153,"spotify:track:5Us3svqTvNAdnQfEYfoL5g","LIT killah","La Trampa es Ley","WEA Latina",120,165,16,"48014"
154,"spotify:track:0lJE8f0lx8mUSfMyxeYpiC","TINI, L-Gante","Bar","Sony Music Latin",69,155,110,"47990"
155,"spotify:track:6ifUES3keWjwXgae8pXI3o","Danny Ocean","Me Rehúso","Atlantic Records",1,144,1298,"47904"
156,"spotify:track:4xZ0XW5YQvN7wFZ9LKC6k2","Funzo & Baby Loud","TO' BUENA VIBRA","Sony Music Entertainment",104,152,36,"47782"
157,"spotify:track:4R8BJggjosTswLxtkw8V7P","Jhay Cortez, J Balvin, Bad Bunny","No Me Conoce - Remix","N&E Entertainment LLC",4,148,962,"46828"
158,"spotify:track:46HNZY1i7O6jwTA7Slo2PI","Coldplay, BTS","My Universe","Parlophone UK",77,158,159,"46713"
159,"spotify:track:3Wrjm47oTz2sjIgck11l5e","Måneskin","Beggin'","RCA Records Label",14,157,270,"45931"
160,"spotify:track:3Th2of8xIYyImVLXUbzaTp","Nena Daconte","Tenia Tanto Que Darte","Universal Music Spain S.L.",127,151,130,"45849"
161,"spotify:track:7Bk0uXKk1uPT0XuQbpFzvs","Los Legendarios, Wisin, Jhay Cortez","Fiel","La Base Music Group/ WK Records",1,156,390,"45701"
162,"spotify:track:0eVborSuxUeSg0meWYd9dZ","Fito y Fitipaldis","Soldadito marinero","DRO/EastWest Spain",111,159,1395,"45694"
163,"spotify:track:5UnRXuem4qHseiCREBB7D7","Morad, Trobi","Cómo Están?","M.D.L.R",43,147,208,"45576"
164,"spotify:track:2mL37yB3f3Lfy4iiXV02Qf","Farruko, Victor Cardenas, Dj Adoni","El Incomprendido","Sony Music Latin",8,160,152,"44725"
165,"spotify:track:59L8x0xy8njj75vzVCPMqg","Becky G, El Alfa","FULANITO","Kemosabe Records/RCA Records",9,161,269,"44414"
166,"spotify:track:3hlWUNjAlbZ6nOjAbrivBv","Pereza","Princesas","RCA Anxious",120,162,1409,"44225"
167,"spotify:track:5iF33sXejXwfTuidVHMll0","Carlos Vives, Ricky Martin","Canción Bonita","Sony Music Latin",43,177,316,"44207"
168,"spotify:track:1uK5rDY3BnikyG0sl3tPpc","Sofía Reyes, Maria Becerra","Marte","WEA Latina",108,183,15,"43905"
169,"spotify:track:69vlMrzHwATKzupwNcUPyK","Bad Bunny, Daddy Yankee","La Santa","Rimas Entertainment LLC",6,181,170,"43799"
170,"spotify:track:0VjIjW4GlUZAMYd2vXMi3b","The Weeknd","Blinding Lights","Republic Records",22,171,816,"43584"
171,"spotify:track:19OsDvOm2hw28Bqg7wo4Ox","Natos y Waor","Cicatrices","Natos y Waor",23,166,1166,"43569"
172,"spotify:track:68QcquxCS39cQGTsRrJWIR","Bad Bunny","Amorfoda","Rimas Entertainment LLC",1,163,258,"43102"
173,"spotify:track:1s4jVre4ZgBm3sVJP1NTrl","Sebastian Yatra","Melancólicos Anónimos","UMLE - Latino",69,169,40,"42957"
174,"spotify:track:1yoMvmasuxZfqHEipJhRbp","Maluma","Hawái","Sony Music Latin",1,178,580,"42876"
175,"spotify:track:7es67JIZ333OB30dYfjfal","Aitana","SI NO VAS A VOLVER","Universal Music Spain S.L.",55,174,15,"42669"
176,"spotify:track:2cVCr6Am3spuM1gPDLKxAF","Omar Montes, Kevin Roldan","Bésame","Sony Music Latin",65,172,26,"42599"
177,"spotify:track:2POEnW8xvLI8o3zcm61tJz","Beret","El día menos pensado","WM Spain",51,-1,47,"42598"
178,"spotify:track:0n2lJjskWdFCvLI3ExAGha","Rozalén, Estopa","Vivir (with Estopa)","Legacy Recordings",136,194,93,"42447"
179,"spotify:track:3XREkzDHsWdBL5tybyCDBH","Chanel","SloMo","BMG Rights Management and Administration (Spain) S.L.U",14,182,34,"42271"
180,"spotify:track:0rFD2VyCIu2ToXbkvlsKJv","Melendi, Mau y Ricky","La Boca Junta","Sony Music Entertainment",92,188,190,"41943"
181,"spotify:track:3yOmf3oK10XIVRc99bwSyO","Hens, Pole., Funzo & Baby Loud","Batmóvil - Remix","Sony Music Entertainment",40,167,486,"41640"
182,"spotify:track:6N4ioa3XSbvjmwdVEERl8F","C. Tangana","Nunca Estoy","Sony Music Entertainment",1,176,484,"41487"
183,"spotify:track:6TRRirUyyil4IbMcZLFQff","Natalia Lacunza","Cuestión De Suerte","Universal Music Spain S.L.",122,164,34,"41306"
184,"spotify:track:704LUEih663hiE3CnyUrFW","KAROL G","SEJODIOTO","UMLE - Latino",39,196,146,"41302"
185,"spotify:track:6NfrH0ANGmgBXyxgV2PeXt","Bad Bunny","La Difícil","Rimas Entertainment LLC",1,197,298,"41095"
186,"spotify:track:6LtHYDgYHRCHoKK3snfr2w","Labrinth, Zendaya","I’m Tired (with Zendaya) - Bonus Track","Columbia",186,-1,1,"40785"
187,"spotify:track:6WfxIJKmYRSpsBJv0tEAKX","Rauw Alejandro","MUSEO","Sony Music Latin/Duars Entertainment",88,-1,3,"40489"
188,"spotify:track:0tqOrNifmUgu2xgbKesHk3","Beny Jr, El Guincho","Color Caramelo","RICO",130,175,164,"40486"
189,"spotify:track:1SOClUWhOi8vHZYMz3GluK","Jaymes Young","Infinity","Atlantic Records",147,187,60,"40419"
190,"spotify:track:41wtwzCZkXwpnakmwJ239F","Bad Bunny","Si Veo a Tu Mamá","Rimas Entertainment LLC",9,199,180,"40335"
191,"spotify:track:7jtQIBanIiJOMS6RyCx6jZ","Tom Odell","Another Love","ITNO/Columbia",185,185,8,"40231"
192,"spotify:track:6Uj1ctrBOjOas8xZXGqKk4","Doja Cat","Woman","Kemosabe Records/RCA Records",65,191,204,"40088"
193,"spotify:track:6w8yBI2vthyN9UnwO4UBWb","Tiago PZK, LIT killah","Entre Nosotros","WM Chile",28,180,236,"40066"
194,"spotify:track:2TH65lNHgvLxCKXM3apjxI","Bad Bunny, Tainy","Callaita","Rimas Entertainment LLC",1,189,595,"39593"
195,"spotify:track:1VB4sadHjFcFklHcZuoROi","Estopa","Como Camarón","Ariola",125,-1,570,"39573"
196,"spotify:track:4XeqABCbUqyznqTgB8Ckzj","Yung Beef","METALLICA","La Vendicion / EMPIRE",103,168,164,"39541"
197,"spotify:track:6uzGmmQ4CuG9HvZktEy0LF","Manuel Carrasco","Qué Bonito Es Querer","Universal Music Spain S.L.",34,-1,681,"39525"
198,"spotify:track:1xK1Gg9SxG8fy2Ya373oqb","Myke Towers, Juhn","Bandido","White World Music",1,190,445,"39432"
199,"spotify:track:4Dl8bEzhAEGbcwkQawS1XG","C. Tangana, ROSALÍA","Antes de Morirme (feat. ROSALÍA)","Agorazein",22,-1,1098,"39402"
200,"spotify:track:3v1dCP3hk2djfWryqfp7sx","Melendi","Caminando por la vida","Parlophone Spain",138,186,381,"39317"
